Location,Code,Type,Address
Alabama,BHM1,FC,"975 Powder Plant Rd, Bessemer, AL 35022, United States"
Alabama,DPX7,,"3405 S. McQueen Rd, Chandler, AZ"
Alabama,MOB5,DC,"6735 Trippel Rd, Theodore, AL 36582, United States"
Alabama,MOB9,,"6735 Trippel Rd., Theodore, AL"
Alabama,SUHB,,"4675 Appaloosa Dr, Irondale, AL"
Alabama,SUHD,,"4675 Appaloosa Drive, Irondale, AL"
Arizona,SAZ1,FC,"3333 S 7th St., Phoenix, AZ 850401182 , Maricopa County"
Arizona,TUS1,Reverse Logistics,"533 W Lower Buckeye Rd, Phoenix, Arizona, 85043 , Maricopa County"
Arizona,TUS2,FC,"6701 S. Kolb Rd., Tucson, AZ 85756 , Pima County"
Arizona,AZA4,,"3333 S 59th Ave, Phoenix, Arizona"
Arizona,AZA5,,"6000 W Van Buren St., Phoenix, Arizona"
Arizona,AZA6,,"2150 East Riverview Drive, Phoenix, Arizona"
Arizona,DPX1,FC,"500 S. 48th Street, Phoenix, AZ 85034"
Arizona,DPX3,FC,"7 E Chandler Blvd, Chandler, AZ 85225"
Arizona,DPX8,,"7875 W Buckeye Rd, Phoenix, AZ"
Arizona,DTU8,,"3003 S 38th St, Phoenix, AZ"
Arizona,GYR4,,"10205 W Roosevelt St, Avondale, AZ"
Arizona,PHX3,FC,"6835 W. Buckeye Rd. Phoenix, AZ, 85043"
Arizona,PHX5,FC,"16920 W. Commerce Drive, Goodyear, AZ 85338"
Arizona,PHX6,FC,"4750 W. Mohave Street, Phoenix, AZ 85043"
Arizona,PHX7,FC,"800 N. 75th Avenue, Phoenix, AZ 85043"
Arizona,PHX8,FC,"800 N. 75th Ave Phoenix, AZ, 85043 – Maricopa County"
Arizona,PHX9,FC,"777 S 79th Avenue, Tolleson, Maricopa County, AZ 85353 Arizona"
Arizona,RAZ1,FC,"22 W Washington St, Phoenix, AZ 85004"
Arizona,RPX1,FC,"7 W Broadway Rd, Phoenix, AZ 85040"
Arizona,SUBJ,,"1104 W Geneva Dr, Tempe, AZ"
Arizona,,,"1104 W Geneva Dr, Tempe, AZ"
Arizona,SUPR,,"9414 E San Salvador Dr, Scottsdale, AZ"
Arizona,TAZ1,,"500 S 48th St, Phoenix, AZ"
Arizona,TFC1,FC,"5050 W. Mohave Street, Phoenix, AZ 85043"
Arizona,UAZ1,FC,"Phoenix, AZ 85001"
Arizona,XUSH,FC,"7037 West Van Buren Street, Pheonix, AZ 85043"
California,ONT3,FC,"1910 & 2020 E Central Ave. San Bernardino, CA, 92408 – San Bernardino County"
California,ONT4,FC,"1910 & 2020 E Central Ave. San Bernardino, CA, 92408 – San Bernardino County"
California,ABE7,FC,"12510 Micro Dr, Mira Loma, CA 91752"
California,BEK1,,"2495 Bancroft Way Room 235, MLK Student Union Building, Berkeley,"
California,BEK1,,"2495 Bancroft Way Room 235, MLK Student Union Building, Berkeley,"
California,BFL1,Corporate Office,"1601 Petrol Road, Bakersfield, California, 93308 , Kern County"
California,BUR2,,"925 Westwood Boulevard, Los Angeles, CA"
California,CCO1,FC,"7300 Central Ave, Highland, CA 92407"
California,CSD1,,"9500 Gilman Drive #0102, La Jolla, CA"
California,DAV1,FC,"1 Shields Ave, Room 182, Davis, CA 95616"
California,DCA2,DC,"5250 Goodman Road, Eastvale, CA 92880 – Riverside County"
California,DCK1,FC,"123-127 E Yosemite Ave, Manteca, CA 95336"
California,DLA1,FC,"900 W Florence Ave., Inglewood, CA 90301"
California,DLA2,FC,"5650 Dolly Ave., Buena Park, CA 90621"
California,DLA3,FC,"5829 Smithway St., Commerce, CA 90040"
California,DLA4,FC,"9031 Lurline Ave., Chatsworth, CA 91311"
California,DLA5,FC,"6250 Sycamore Canyon Blvd., Riverside, CA 92507"
California,DLA7,FC,"13271-13299 Central Ave, Chino, CA 91710"
California,DLA8,FC,"2815 W. El Segundo Blvd., Hawthorne, CA 90250"
California,DLA9,FC,"2900 Alton Pkwy, Irvine, CA 92606"
California,DPS1,FC,"3956-3998 Rosemead Blvd, Rosemead, CA 91770"
California,DSD1,FC,"7130 Miramar Rd. 300A, San Diego, CA 92121"
California,DSD2,FC,"2777 Loker Ave W., Carlsbad, CA 92010"
California,DSD3,FC,"725 E 8th St, NationalCity, CA 91950"
California,DSF1,FC,"990 Beecher St., San Leandro, CA 94577"
California,DSF3,FC,"1700 Montague Expy., San Jose, CA 95131"
California,DSF4,FC,"100-172 Washington Ave, San Leandro, CA 94577"
California,DSF5,FC,"250 Utah Avenue, South San Francisco, CA 94080"
California,DSF6,FC,"6015 Giant Road, Richmond, CA 94080"
California,DSM1,FC,"1640 W Capitol Ave, West Sacramento, CA 95691"
California,FAT1,FC,"3575 S Orange Ave, Fresno, CA 93725-9588"
California,FCA2,FC,"500-534 Beryl St, RedondoBeach, CA 90277"
California,FCA3,FC,"1395-1405 Lincoln Blvd, Santa Monica, CA 90401"
California,FCA4,FC,"2900 Alton Pkwy, Irvine, CA 92606"
California,FCA5,FC,"101 S Main St, LosAngeles, CA 90012"
California,FCA7,FC,"390 W El Camino Real, Sunnyvale, CA 94087"
California,FCA8,FC,"Campanile Way, Berkeley, CA 94709"
California,FDL3,,"24208 SAN MICHELE RD, MORENO VALLEY, CA"
California,FJC9,FC,"500 San Bruno Ave, Brisbane, CA 94005"
California,HCA3,FC,"3334 N SAN FERNANDO RD BLDG E, Los Angeles, CA 90065"
California,HCA6,,"2727 Kurtz St, San Diego, CA"
California,HCA7,,"10681 Production Ave, Fontana, CA"
California,HCA8,,"1350 N. MacArthur Drive, Tracy, CA"
California,HCA9,,"455 VALLEY DR, BRISBANE, CA"
California,HLA3,FC,"24208 San Michele Rd. Moreno Valley, CA, 92551 – Riverside County"
California,IRV1,,"4139 Campus Drive, Irvine, CA"
California,IST1,,"1555 N. Chrisman Rd, Tracy, CA"
California,IUSA,,"1001 W Walnut St, Compton, CA"
California,KRB1,FC,"555 East Orange Show Rd. San Bernardino, CA 92408-2453 – San Bernardino County"
California,KRIV,,"17101 Heacock St, Mareno Valley, CA"
California,LAX2,Logistics,"5650 Dolly Ave, Buena Park, CA 90621, United States"
California,LAX5,SC,"6400 Valley View St, BUENA PARK"
California,LAX6,FC,"5119 District Blvd, Los Angeles, CA 90058"
California,LAX8,,"30142 Avenida De Las Banderas, Rancho Santa Margarita, CA"
California,LAX9,FC,"11263 Oleander Ave, Building 1, Fontana, California, 923378006 , San Bernardino County"
California,LGB1,FC,"2417 E. Carson St, Long Beach, California, 90810 , Los Angeles County"
California,LGB2,,"6049 E 7th St, Long Beach, CA"
California,LGB3,FC,"4590 Goodman Way, Building 1, Eastvale, CA 91752-5088"
California,LGB4,FC,"27517 Pioneer Ave, Redlands, CA 92374"
California,LGB5,FC,"555 East Orange Show Rd. San Bernardino, CA 92408-2453 – San Bernardino County"
California,LGB6,FC,"20901 Krameria Ave, Riverside, CA 92518-1513"
California,LGB7,FC,"1660 N. Locust Ave., Rialto, CA 92376 , San Bernardino"
California,LGB8,FC,"1568 N Linden Ave, Rialto, CA 92376"
California,LGB9,FC,"4375 N Perris Blvd, Perris, California, 92571 , Riverside County"
California,OAK3,FC,"255 Park Center Drive, Patterson City, CA 95363-8876"
California,OAK4,FC,"1555 N. Chrisman Road, Tracy, CA 95304-9370"
California,OAK5,SC,"38811 Cherry Street, Newark, CA 94560"
California,OAK6,FC,"38811 Cherry Street, Newark, California, 94560-4939"
California,OAK7,FC,"38811 Cherry St, Newark, CA 94560"
California,OAK8,FC,"1 Middleton Way, American Canyon, CA 94503"
California,ONT2,FC,"1910 E Central Ave, San Bernardino, CA 92408, United States"
California,ONT5,SC,"2020 E Central Avenue, Southgate Building 4, San Bernardino, CA 92408-2606"
California,ONT6,FC,"24208 San Michele, Moreno Valley, CA 92551"
California,ONT7,FC,"2020 E Central Avenue, Southgate Building 4, San Bernardino, CA 92408-2606"
California,ONT8,FC,"24300 Nandina Ave., Moreno Valley, California, 92551-9534"
California,ONT9,FC,"2125 W San Bernardino Ave, Redlands, CA, United States"
California,PCA1,FC,"1565 N MacArthur Drive, Tracy, California 95376 , San Joaquin County (Seasonal facility)"
California,PCA2,FC,"1650 East Central Avenue, San Bernardino, California, 92408 , San Bernardino County (Seasonal facility)"
California,PCA3,,"1660 N. Linden Ave., Rialto, CA"
California,PSP1,DC,"1010 West Fourth Street, Beaumont, California, 92223 , Riverside County"
California,RCA1,FC,"8411 Market St, San Francisco, CA 94103"
California,RCA2,FC,"500-534 Beryl St, RedondoBeach, CA 90277"
California,RCA3,FC,"1395-1405 Lincoln Blvd, Santa Monica, CA 90401"
California,RCA4,FC,"2900 Alton Pkwy, Irvine, CA 92606"
California,RCA5,FC,"101 S Main St, LosAngeles, CA 90012"
California,RCA6,FC,"402w Broadway, San Diego, CA 92101"
California,RCA7,FC,"195-199 E Santa Clara St, San Jose, CA 95113"
California,RCA8,FC,"Campanile Way, Berkeley, CA 94709"
California,RELO,,"201 Spear St, San Francisco, CA"
California,RLA4,FC,"111 S Anaheim Blvd, Anaheim, CA 92805"
California,RSJ1,FC,"2710 N 1st St, SanJose, CA 95134"
California,SAX1,,"4041 PECK RD, EL MONTE, CA"
California,SAX2,,"2246 S GRAND AVE, SANTA ANA, CA"
California,SBD2,,"1601 E 3rd St, San Bernardino, CA"
California,SCA2,,"12453 SAN PABLO AVE, RICHMOND, CA"
California,SCA3,,"10 N MAIN ST, MILPITAS, CA"
California,SCA4,,"16915 VIA DEL CAMPO, SAN DIEGO, CA"
California,SCA5,,"1120 EXPOSITION BLVD, SACRAMENTO, CA"
California,SCA6,,"3096 MCCLINTOCK AVE, LOS ANGELES, CA"
California,SCK1,FC,"4611 Newcastle Road, Stockton, California, 95215 , San Joaquin County"
California,SCK3,,"3565 N Airport Way, Manteca, California 953368696 , San Joaquin CountyAC"
California,SFO3,,"5250 NEWCASTLE RD, STOCKTON, CA"
California,SJC7,FC,"188 Mountain House Pkwy, Tracy, CA 95391"
California,SJC8,DC,"46724 Lakeview Blvd, Fremont, California, US"
California,SJC9,,"1455 valley drive, Brisbane, CA"
California,SLA5,,"5250 Goodman Way, Eastvale, CA"
California,SMF1,FC,"4900 W Elkhorn Blvd, Metro Air Park, Sacramento, CA 95835-9505"
California,SMF2,,"2935 Ramco St., West Sacramento, CA"
California,SMF3,FC,"4723 S B Street, Stockton, California, 952159446 , San Joaquin County"
California,SMF5,FC,"300 Crocker Dr, Vacaville, CA 95688, United States"
California,SMF9,,"300 Crocker Dr, Vacaville, CA"
California,SNA4,FC,2496 W Walnut St. Rialto CA 92376-3009
California,SNA6,FC,"5250 Goodman Road, Eastvale, CA 92880"
California,SNA7,FC,"555 East Orange Show Rd. San Bernardino, CA 92408-2453"
California,SNA8,FC,"555 East Orange Show Rd. San Bernardino, CA 92408-2453"
California,SNA9,FC,"5250 Goodman Road, Eastvale, CA 92880"
California,SUAC,SUAC,"100 S Wineville Ave, Ontario, CA"
California,SUAK,,"1170 Centre Drive, SUITE A, Walnut, CA"
California,SUAM,,"5400 Ontario Mills Parkway, Unit 400, Ontario, CA"
California,SUAR,,"9207 Eton Avenue Unit B, Chatsworth, CA"
California,SUBA,,"2215 Paseo De Las Americas, 30D, San Diego, CA"
California,SUBV,,"810 E 8th St, Oakland, CA"
California,SUBV,,"810 E 8th St, Oakland, CA"
California,SUFA,,"8246 W. Mineral King Ave., Visalia, CA"
California,SUFC,,"587 Apollo St, Brea, CA"
California,SUFD,,"587 Apollo St, Brea, CA"
California,SUHW,,"2325 Raymer Ave, Fullerton, CA"
California,SUJB,,"706 North Diamond Bar Blvd, Unit A, Diamond Bar, CA"
California,SUJF,,"100 S Wineville Ave, Ontario, CA"
California,SUNC,,"1113 E 230th Street, Carson, CA"
California,SUOK,,"437 Baldwin Park Blvd, City of Industry, CA"
California,SUOO,,"16792 Burke Lane, Huntington Beach, CA"
California,SUOQ,,"3700 Cover St, Long Beach, CA"
California,SUPE,,"7886 Deering Ave., Canoga Park, CA"
California,SUPI,,"2325 Raymer Avenue, Fullerton, CA"
California,SUPK,,"9851 Owensmouth Ave, Chatsworth, CA"
California,SUPL,,"587 Apollo St, Brea, CA"
California,SUSH,,"16792 Burke Lane, Huntington Beach, CA"
California,TBD,FC,"4532 Newcastle Rd, Stockton, CA 95215, United States"
California,TCA0,,"455 Valley Drive, Brisbane, CA"
California,TCA1,,"888 Tennessee St, San Francisco, CA"
California,TCA2,,"2400 Marine Avenue, Redondo Beach, CA"
California,TCA4,,"2006 McGaw Avenue, Irvine, CA"
California,TCA5,,"3334 N San Fernando Rd Bldg E, Los Angeles, CA"
California,TCA6,,"2727 Kurtz St, San Diego, CA"
California,TCA7,,"222 Commercial St, Sunnyvale, CA"
California,TCA9,,"2934 Ramona Ave, Sacramento, CA"
California,UCA1,FC,"888 Tennessee Street, San Francisco, CA 94112"
California,UCA2,FC,"Redondo Beach, CA 90277"
California,UCA3,FC,"11800 W Olympic Blvd., Los Angeles, CA 90064"
California,UCA4,FC,"2006 McGaw Ave., Irvine, CA 92614"
California,UCA5,FC,"Silver Lake, Silver Lake, CA 90001"
California,UCA6,FC,"2727 Kurtz St., San Diego, CA 92110"
California,UCA7,FC,"222 Commercial Street, Sunnyvale, CA 94085"
California,UCA8,FC,"3100 San Pablo Ave. Ste 120, West Berkley, CA 94702"
California,UCA9,FC,"2934 Ramona Avenue, Sacramento, CA 95826"
California,ULA1,,"635 8th St, SAN FERNANDO, CA"
California,ULA2,,"4278 N. Harbor Blvd., FULLERTON, CA"
California,USC1,,"3640 Ramos Dr, WEST SACRAMENTO, CA"
California,USC2,,"2400 McClellan Park Dr, SACRAMENTO, CA"
California,USF1,,"750 Laurelwood Road, SANTA CLARA, CA"
California,USF2,,"1700 Fairway Dr, SAN LEANDRO, CA"
California,USF3,,"1911 Lundy Ave, SAN JOSE, CA"
California,VUBD,FC,"17182 Nevada Avenue, Victorville, CA 92345"
California,VUBG,,"8365 Sultana Ave, Unit 2, Fontana, CA"
California,VUBH,,"9950 Calabash Ave, Fontana, CA"
California,VUBJ,,"1456 Harry Shepard Blvd, San Bernardino, CA"
California,VUGE,FC,"3450 DULLES DR, Mira Loma, CA 91752"
California,VUGK,,"4120 Indian Ave, Perris, CA"
California,VUGR,,"1565 N Mac Arthur Dr., TRACY, CA"
California,VUKF,FC,"18120 Bishop Ave, Carson, CA 90746"
California,VUKJ,,"19270 S. Western Avenue, Torrance, CA"
California,VUMD,,"548 W Merrill Ave, Rialto, CA"
California,VUMX,FC,"241 E Pacific Coast Hwy, Wilmington, CA 90744"
California,VUPG,,"16110 Cosmos Street, Moreno Valley, CA"
California,VUPQ,FC,"9211 Kaiser Way, Fontana, CA 92335"
California,VUPX,,"2300 W San Bernardino Ave, Redlands, CA"
California,VUTD,FC,"8291 Milliken Avenue, Rancho Cucomonga, CA 91730"
California,VUTH,,"25451 Mountain House Pkwy, TRACY, CA"
California,VUVB,,"2053 East Jay St, Ontario, CA"
California,VUWA,,"13243 Nutro Way, Victorville, CA"
California,VUWC,,"4700 E Nestle Purina Ave, Flagstaff, CA"
California,VUWE,,"736 Garner Rd, Modesto, CA"
California,VUWH,,"5725 Jurupa St, Ontario, CA"
California,XBC1,,"15750 Mountain Avenue, Chino, CA"
California,XBSP,,"15750 Mountain Ave, CHINO, CA"
California,XFI1,,"6351 Cameron Boulevard, Gilroy, CA"
California,XIX2,,"2020 E Central Ave, San Bernardino, CA"
California,XIX6,,"10681 Production Ave, Fontana, CA"
California,XIX7,,"555 E ORANGE SHOW RD, SAN BERNARDINO, CA"
California,XLAA,,"5691 E Philadelphia, Suite 100, Ontario, CA"
California,XLAG,,"2115 S Sinclair Ave Stockton, CA 95215"
California,XUSD,FC,"1909 Zephyr Street, Stockton, CA 95206"
California,XUSJ,FC,"1590 Tamarind Ave, Rialto, CA 92376"
California,XUSO,,"657 Nance Street, Perris, CA"
California,XUSV,FC,"2125 San Bernardino Ave, CA"
Colorado,DDV5,DC,"Aurora, Colorado, 80011 , Denver County"
Colorado,DEN1,FC,"221-189 E 144th Ave, Thornton, CO 80023, USA"
Colorado,DEN2,FC,"24006 East 19th Avenue, Aurora, CO 80019-3705"
Colorado,DEN3,FC,Grant Street Thornton CO 80023-6622
Colorado,DEN5,SC,"19799 E 36th Dr, Aurora, CO 80011"
Colorado,DEN6,FC,"480 E 55th Ave, Denver, CO 80216"
Colorado,DEN7,,"2230 E 26th Ave, Aurora, CO"
Colorado,FCO4,FC,"1437 Bannock St, Denver, CO 80202"
Colorado,SCO1,,"13931 E MARINA DR APT 301, AURORA, CO"
Colorado,SUEA,,"1821 Lefthand Circle, Unit D, Longmont, CO"
Colorado,SUHQ,,"4635 NAUTILUS CT S, STE D, Boulder, CO"
Colorado,TCO1,,"480 E 55th Avenue, Suite 100, Denver, CO"
Colorado,UCO1,FC,"480 E 55th Ave Suite 100, Denver, CO 80216"
Colorado,UCO2,,"3434 47th Street, Suite 220, Boulder, CO"
Colorado,XLAK,,"18875 E BROMLEY LN BRIGHTON, CO 80601"
Connecticut,BDL1,FC,"801 Day Hill Road Windsor, CT 06095"
Connecticut,BDL2,FC,"409 Washington Ave, North Haven, CT 06473"
Connecticut,BDL3,FC,"415 Washington Ave, Building 3, North Haven, CT 06473 , New Haven County"
Connecticut,BDL5,SC,"29 Research Parkway, Wallingford, CT 06492"
Connecticut,BLD5,SC,"BDL5 29 RESEARCH PARKWAY WALLINGFORD, CT 06492-1927 ATTN BDL5-IT DEPARTMENT"
Connecticut,CON1,,"40 Wilbur Cross Way, Suite 104, Mansfield, CT"
Connecticut,DBO3,FC,"601 Boston Post Rd, Milford, CT 6460"
Connecticut,DCN1,FC,"1675 Post Rd, Fairfield, CT 6824"
Connecticut,SUJD,,"47 Industrial Park Rd, Centerbrook, CT"
DC,FWA3,FC,"Healy Cir, Washington, DC 20007"
DC,GSE2,FC,"Healy Cir, Washington, DC 20007"
DC,RDC1,FC,"1 Scott Cir NW, Washington, DC 20036"
DC,RVA1,FC,"7213 Blair Rd NW, Washington, DC 20012"
Delaware,PHL1,FC,"1 Centerpoint Boulevard, New Castle, DE 19720"
Delaware,PHL3,FC,"1600 Johnson Way, New Castle, DE 19720"
Delaware,PHL7,FC,"560 Merrimac Avenue, Middletown, DE 19709-4652"
Delaware,PHL8,FC,"727 N. Broad Street, Middletown, DE 19709-1166"
Delaware,SUHC,,"18 Dixon St, Selbyville, DE"
Delaware,SUHS,,"18 Dixon St, Selbyville, DE"
Delaware,SUPP,,"230 Centerpoint BLVD, New Castle, DE"
Delaware,SUPQ,,"230 Centerpoint BLVD, New Castle, DE"
Florida,CFL1,,"4225 East Plaza Drive, Orlando, FL"
Florida,DJA1,FC,"11084 Cabot Commerce Circle, Jacksonville, FL 32226"
Florida,DJX1,FC,"21 E Union St, Jacksonville, FL 32202"
Florida,DM01,FC,"Tangelo Park, Orlando, FL 32189"
Florida,DM11,FC,"15600 NW 15th Ave., Miami Gardens, FL 33169"
Florida,DMI2,FC,"3200 Northwest 67th Avenue, Miami, FL 33122"
Florida,DMI3,FC,"3966 NW 65th Ave, Virginia Gardens, FL 33166"
Florida,DMO1,FC,"4917 Anzio St, Orlando, FL 32819"
Florida,DSR1,FC,"2000 Main St, Sarasota, FL 34237"
Florida,DTP1,FC,"108 W Brandon Blvd, Brandon, FL 33511"
Florida,DTP2,FC,"1868-1950 Beach Dr SE, St. Petersburg, FL 33705"
Florida,FFL1,FC,"820 NW 41st St, Doral, FL 33178"
Florida,FFL2,FC,"1201-1211 Brickell Ave, Miami, FL 33131"
Florida,FMI3,FC,"3966 NW 65th Ave, Virginia Gardens, FL 33166"
Florida,JAX1,FC,"12900 Pecan Park Road, Jacksonville, FL 32218"
Florida,JAX2,FC,"12900 Pecan Park Rd., Jacksonville, FL 32218-2432"
Florida,JAX5,SC,"4948 Bulls Bay Hwy, Jacksonville, FL 32219-3235"
Florida,JAX6,,"2619 IGNITION DR, JACKSONVILLE, FL"
Florida,LAL1,FC,"1760 County Line Road, Lakeland, FL 33811"
Florida,MC05,FC,"305 Deen Still Road, Davenport, FL 33897"
Florida,MCO1,FC,"12340 Boggy Creek Rd, Orlando, FL 32824, United States"
Florida,MCO2,,"2170 State Road 472, ORANGE CITY, FL"
Florida,MCO5,SC,"305 Deen Still Rd Davenport, FL 33897-9409"
Florida,MCO6,,"7469 Kingspointe Parkway, Orlando, FL"
Florida,MIA1,FC,"14000 NW 37th Ave, Opa Locka, FL 33054-6324"
Florida,MIA5,SC,"1900 NW 132nd Place, Doral, FL, 33182"
Florida,MIA6,FC,"3200 NW 67th Avenue, Miami, FL 33122"
Florida,MIA7,,"1900 NW 132nd Place, Miami, FL"
Florida,PFL1,FC,"1001 13th Avenue East, Bradenton, FL 34208"
Florida,PFL2,,"8060 State Rd 33 North, Lakeland, FL"
Florida,RFL1,FC,"1201-1211 Brickell Ave, Miami, FL 33131"
Florida,RFL3,FC,"500 E Zack St, Tampa, FL 33602"
Florida,RFL4,FC,"2-50 W South St, Orlando, FL 32801"
Florida,RMI1,FC,"8855 SW 50th Terrace, Miami, FL 33165"
Florida,SFL1,Logistics Center,"7469 Kingspointe Parkway, Orlando, FL 32819 – Orange County"
Florida,SFL2,,"18421 NW 67TH AVE, HIALEAH, FL"
Florida,SFL3,,"2581 WHITFIELD AVE, SARASOTA, FL"
Florida,SUAQ,,"8870 Boggy Creek Rd, Orlando, FL"
Florida,SUAV,,"8870 Boggy Creek Rd, Orlando, FL"
Florida,SUAW,,"8870 Boggy Creek Rd, Orlando, FL"
Florida,SUBI,,"2213 VISTA PKWY, suite 8, West Palm Beach, FL"
Florida,SUBT,,"7070 NW 75th St, Parkland, FL"
Florida,SUBU,,"2213 VISTA PKWY, Suite 8, West Palm Beach, FL"
Florida,SUJA,,"325 NW 28TH ST, Miami, FL"
Florida,SUJC,,"325 NW 28TH ST, Miami, FL"
Florida,SUOD,FC,"121 Kelsey Ln, Tampa, FL 33619"
Florida,SUPD,,"8320 Baycenter Rd, Jacksonville, FL"
Florida,TFL2,,"101 NE 23rd Street, Miami, FL"
Florida,TFL3,,"4430 E ADAMO DR, STE 305, Tampa, FL"
Florida,TFL4,,"7469 Kingspointe Parkway, ORLANDO, FL"
Florida,TPA1,FC,"351 30th Street NE, Ruskin, FL 33570"
Florida,TPA2,FC,"1760 County Line Road, Lakeland, FL 33811"
Florida,TPA6,,"3400 NW 35TH AVE RD, Ocala, FL"
Florida,UFL1,FC,"15600 NW 15th Ave, Miami Gardens, FL 33169"
Florida,UFL2,FC,"101 NE 23rd Street, Miami, FL 33137"
Florida,UFL3,FC,"4430 East Adamo Suite 305, Tampa, FL 33605"
Florida,UFL4,FC,"7469 Kingspointe Parkway, Orlando, FL 32819 – Orange County"
Florida,UFL5,,"4769 Oak Fair Blvd, TAMPA, FL"
Florida,UFL6,,"3200 NW 67th Avenue, MIAMI, FL"
Florida,UFL7,,"6843 S Conway Rd, ORLANDO, FL"
Florida,XUSF,FC,"901 West Landstreet Road Suite C, Orlando, FL 32824"
Georgia,ALT9,FC,"(920 Highway 124), Braselton, GA 30517"
Georgia,ATL2,FC,"2255 W Park Blvd, Stone Mountain, Georgia, 30087 , DeKalb County"
Georgia,ATL6,SC,"4200 North Commerce, Atlanta, GA 30344-5707"
Georgia,ATL7,FC,"6855 Shannon Pkwy, Union City, GA 30291-2091"
Georgia,ATL8,SC,"2201 Thornton Rd., Lithia Springs, GA 30122"
Georgia,CGA2,FC,"77 Collier Rd NW, Atlanta, GA 30309"
Georgia,DAT1,FC,"2-20 E South St, Smyrna, DE 19977"
Georgia,DAT2,FC,"1544-1542 E Cleveland Ave, EastPoint, GA 30344"
Georgia,DAT3,DC,"2750 Sullivan Rd, Atlanta, GA 30337, United States"
Georgia,FGA2,FC,"2185-2199 La Dawn Ln NW, Atlanta, GA 30318"
Georgia,GAT1,,"86 5th St NW, Atlanta, GA"
Georgia,HGA3,,"2160 Breckenridge Blvd, Site 10, Lawrenceville, GA"
Georgia,MGE1,FC,"650 Broadway Ave, Braselton, GA 30517-3002"
Georgia,MGE3,FC,"808 Hog Mountain Rd., Building F, Jefferson, GA, 30549"
Georgia,MGE5,SC,"235 Hog Mountain Rd, Jefferson, GA 30549, United States"
Georgia,MGE7,FC,"650 Broadway Ave, Braselton, GA 30517-3002 – Jackson County"
Georgia,PGA1,FC,"6200 Fulton Industrial Blvd, Atlanta, Georgia, 30336 , Fulton County (Seasonal facility)"
Georgia,RAT2,FC,"206 Washington St SW, Atlanta, GA 30334"
Georgia,RGA2,FC,"206 Washington St SW, Atlanta, GA 30334"
Georgia,SAV1,FC,"Georgia Ports Authority Garden City Terminal, Building CFS #2, Garden City, GA 31408"
Georgia,SAV3,FC,"7001 Skipper Rd., Macon, GA 312166427 , Bibb County"
Georgia,SGA1,,"2929 PEACHTREE RD NE, ATLANTA, GA"
Georgia,SUAG,,"150 Leo Taylor Ln, Ball Ground, GA"
Georgia,SUAX,,"394 COMMERCE BLVD, Athens, GA"
Georgia,SUGE,,"5975 Shiloh Road, Suite 104, Alpharetta, GA"
Georgia,SULE,,"100 Solutions Parkway, Thomaston, GA"
Georgia,SUNB,,"320 Telfair Rd, Savannah, GA"
Georgia,SUOL,,"305 Bucknell Court, Atlanta, GA"
Georgia,TBD,FC,"4995 Skipper Road, Macon, GA"
Georgia,TJA2,,"2302 MARIETTA BLVD NW, Atlanta, GA"
Georgia,UGA1,FC,"Atlanta, GA 30318"
Georgia,UGA2,FC,"Atlanta, GA 30318"
Georgia,UGA3,FC,"2160 Breckinridge Blvd Bldg 100 Suite 100, Lawrenceville, GA 30043"
Georgia,UGA4,,"2232 Northmont Parkway, DULUTH, GA"
Georgia,VUAT,FC,"6855 Shannon Pkwy, Union City, GA 30291"
Georgia,VUGH,,"7875 White Road, Austell, GA"
Georgia,VUGO,,"300 Interstate West Parkway, Austell, GA"
Georgia,VUKG,FC,"3201 Centre Parkway, East Point, GA 30344"
Georgia,VUOJ,FC,"250 Declaration Avenue, Suite 500, McDonough, GA 30253"
Georgia,VUPN,FC,"340 Westridge Parkway, McDonough, GA 30253"
Georgia,VUPY,,"2501 Rockhouse Road, Lithia Springs, GA"
Georgia,VUQI,,"512 Liberty Expressway, Albany, GA"
Georgia,VUTE,,"1020 SH Morgan Pkwy, Pooler, GA"
Georgia,XEW1,,"6855 SHANNON PKWY, UNION CITY, GA"
Georgia,XLAH,,"580 Raco Pkwy Pendergrass, GA 30567"
Georgia,VUPK,FC,"6720 Oakley Industrial Blvd, Union City, GA 30291"
Georgia,ATL5,,"4190 Jiles Rd, Kennesaw GA 30144"
Illinois,CHI1,,"750 S Halsted St, Student Center East, #214, Chicago, IL"
Illinois,CHI3,,"2720 N Clark St, Chicago, IL"
Illinois,CMI1,,"809S Wright Street, Champaign, IL"
Illinois,DCH1,FC,"2801 S. Western Ave., Chicago, IL 60608"
Illinois,DCH2,FC,"8220 Austin Ave., Morton Grove, IL 60053"
Illinois,DCH3,FC,"4500 Western Ave., Lisle, IL 60532"
Illinois,DCH4,FC,"3 S Lake St, Mundelein, IL 60060"
Illinois,DHO1,FC,"501-505 Ridgemoor Dr, Willowbrook, IL 60527"
Illinois,FIL1,FC,"1162 N Hickory Ave, ArlingtonHeights, IL 60004"
Illinois,FIL2,FC,"110 E Irving Park Rd, Wood Dale, IL 60191"
Illinois,HIL1,FC,"1111 Cherry Street, Chicago, IL 60642"
Illinois,HIL2,FC,"1111 N Cherry Ave, Chicago, IL 60642"
Illinois,HLU1,,"3931 Lakeview Corporate Drive, Edwardsville, IL 62025 – Madison County"
Illinois,HMW1,FC,"30260 Graaskamp Blvd, Wilmington, Illinois 60481 , Will County"
Illinois,ICH5,,"111 E Wacker Dr, Chicago, IL"
Illinois,ICT1,,"1250 N Mittel Blvd, Wood Dale, IL"
Illinois,KIL1,,"3900 S Brandon Rd, Elwood, IL"
Illinois,MDW1,FC,"Greater Chicago Area, Joliet, IL 60433"
Illinois,MDW2,FC,"250 Emerald Drive Joliet,IL 60433-3280 United States"
Illinois,MDW4,FC,"201 Emerald Drive, Joliet, IL 60433"
Illinois,MDW5,FC,"1125 W Remington Blvd, Romeoville, IL 60556"
Illinois,MDW6,FC,"1125 Remington Blvd, Romeoville, IL 60446"
Illinois,MDW7,FC,"6521 W Monee Manhattan Road, Monee, IL 60449"
Illinois,MDW8,FC,"1750 Bridge Dr., Waukegan, IL 60085-3004"
Illinois,MDW9,FC,"2865 Duke Parkway, Aurora, IL 60502-9551"
Illinois,MDWX,FC,"2801 S. Western Ave, Chicago, IL 60608"
Illinois,MDWY,FC,"Route 59, Aurora, IL 60563"
Illinois,MDWZ,FC,"Route 59, Aurora, IL 60563"
Illinois,ORD3,,"24101 S Frontage Rd W, CHANNAHON, IL"
Illinois,ORD6,FC,"1250 N Mittel Blvd, Wood Dale, Illinois, US"
Illinois,PIL1,FC,"801 Midpoint Road, Minooka, Illinois 60047 , Lake County (Seasonal facility)"
Illinois,RCH1,FC,"701-1899 Fellows Pl, NorthChicago, IL 60064"
Illinois,RIL1,FC,"310 S Federal St, Chicago, IL 60604"
Illinois,SIL1,,"2379 Davey Rd, WOODRIDGE, IL"
Illinois,SIL2,,"900 W BLISS ST, CHICAGO, IL"
Illinois,SKPN,,"Mundelein, IL, 60060. SKTB, Montgomeryville"
Illinois,SLT7,FC,"3931 Lakeview Corporate Dr., Edwarsville, IL 62025"
Illinois,STL4,FC,"3050 Gateway Commerce Center Drive South, Edwardsville, IL 62025"
Illinois,STL6,FC,"3931 Lakeview Corporate Drive, Edwardsville, IL 62025"
Illinois,STL7,FC,"3931 Lakeview Corporate Drive, Edwardsville, IL 62025"
Illinois,SUAP,,"23824 W. Andrew Rd., Plainfield, IL"
Illinois,SUEI,,"8 GALAXY WAY, Woodstock, IL"
Illinois,SUEJ,,"9462 Franklin Avenue, Franklin Park, IL"
Illinois,SUGD,,"6033 N Sheridan Rd, Chicago, IL"
Illinois,SUON,,"1703 S Veterans Pkwy, Bloomington, IL"
Illinois,SUPG,,"3725 Swenson Rd, St Charles, IL"
Illinois,SUSF,,"840 Wheeling Rd, Wheeling, IL"
Illinois,TBD2,FC,"1111 N Cherry Ave, Goose Island, IL 60642"
Illinois,TBD3,FC,"401 E Laraway Road, Joliet, IL 40433"
Illinois,TBD7,FC,"2801 S. Western Ave, Chicago, IL 60608"
Illinois,TIL1,FC,"1111 N Cherry Street, Chicago, IL 60642"
Illinois,UIL1,FC,"1162 N Hickory Ave, ArlingtonHeights, IL 60004"
Illinois,UIL2,FC,"1250 N Mittel Blvd, Wood Dale, IL 60191"
Illinois,VUOK,FC,"21837 W. Mississippi Ave, Elwood, IL 60421"
Illinois,VUPS,,"3049 Westway Drive, Edwardsville, IL"
Illinois,VUTG,,"100 E MILLSDALE RD, Elwood, IL"
Illinois,VUWI,,"4015 Lakeview Corporate Drive, EDWARDSVILLE, IL"
Illinois,XLAB,,"1701 Normantown Rd, Romeoville, IL"
Illinois,XUSN,,"4200 Ferry Rd, Aurora, IL"
Indiana,DIN1,FC,"1861 Monument Cir, Indianapolis, IN 46204"
Indiana,IND1,FC,"4255 Anson Boulevard, Whitestown, IN 46075"
Indiana,IND2,FC,"715 Airtech Parkway, Plainfield, IN 46168"
Indiana,IND3,FC,"717 Airtech Parkway, Plainfield, IN 46168"
Indiana,IND4,FC,"710 South Girls School Road, Indianapolis, IN 46214"
Indiana,IND5,FC,"800 S Perry Road, Plainfield, IN 46168"
Indiana,IND6,FC,"1453 10th Street, Jeffersonville, IN 47130"
Indiana,IND7,FC,"9101 Orly Dr, Indianapolis, IN 46241"
Indiana,IND8,Return Center,"710 South Girls School Rd. Indianapolis, IN 46214 – Marion County"
Indiana,IND9,Logistics service,"1151 S GRAHAM RD, Greenwood, Indiana, US"
Indiana,MQJ2,,"19 Bob Glidden Blvd, Whiteland, IN"
Indiana,PIN1,FC,"6161 Decatur Blvd, Indianapolis, Indiana 46241 , Marion County (Seasonal Facility)"
Indiana,PISA,FC,"900 Patrol Rd, Jeffersonville, IN 47130"
Indiana,PUR1,,"1198 Third Street, Krach Leadership Center Room 169, West Lafayette, IN"
Indiana,SDF8,FC,"900 Patrol Road, Jeffersonville, IN 47130"
Indiana,SUOJ,,"1615 Fletcher Ave, FORT WAYNE, IN"
Indiana,TIN1,,"710 S. Girls School Road, Indianapolis, IN"
Indiana,UIN1,FC,"505 S Tibbs Ave, Indianapolis, IN 46241"
Indiana,VUHA,FC,"700 Chase Street, Gary, IN 46404"
Indiana,VUMC,FC,"650 Commerce Pkwy W Drive, Greenwood, IN 46143"
Indiana,VUQD,,"3101 IN-62, Mt Vernon, IN"
Indiana,VUQF,,"2100 Innovation Blvd, Mooresville, IN"
Indiana,VUQH,,"381 Airtech Pkwy, Plainfeild, IN"
Indiana,VUQO,,"2425 E. Perry Rd, PLAINFIELD, IN"
Indiana,XUSE,FC,"5100 S Indianapolis Road, Whitestown, IN 46075"
Kansas,MCI1,FC,"113th Street and Renner Boulevard, Lenexa, KS, 66219"
Kansas,MCI5,SC,"16851 W 113th Street, Lenexa, KS 66219"
Kansas,MCI7,FC,"27200 W 157th St, New Century, KS 66031"
Kansas,MCIX,FC,"113th Street and Renner Boulevard, Lenexa, KS 66219"
Kansas,MKC4,FC,"19645 Waverly Road, Edgerton, KS 66021-9588"
Kansas,MKC6,FC,"6925 Riverview Ave., Kansas City, KS 66102"
Kansas,TUL1,FC,"2654 N US Highway 169 Coffeyville, KS 67337"
Kansas,XUSK,FC,"31450 W 196th St., Edgerton, KS 66021"
Kentucky,CVG1,FC,"1155 Worldwide Blvd. Hebron, KY 41048"
Kentucky,CVG2,FC,"1600 Worldwide Blvd. Hebron, KY 41048"
Kentucky,CVG3,FC,"3680 Langley Drive, Hebron, KY 41048"
Kentucky,CVG5,Logistics Center,"2285 Litton Ln, Hebron, KY 41048, United States"
Kentucky,CVG7,SC,"2285 Litton Ln, Hebron, KY 41048, United States"
Kentucky,CVG8,FC,"7968 Kentucky Dr, Suites 23, Florence, Kentucky 41042 , Boone County"
Kentucky,DKY1,FC,"409 S 5th St, Louisville, KY 40202"
Kentucky,IVSA,FC,"4620 Olympic Blvd, Erlanger, Kentucky 41018 , Kenton County"
Kentucky,IVSB,FC,"3521 POINT PLEASANT RD, Hebron, Kentucky, US"
Kentucky,LEX1,FC,"1850 Mercer Road, Lexington, KY 40511"
Kentucky,LEX2,FC,"172 Trade Street, Lexington, Kentucky 40511"
Kentucky,LEX3,FC,"1850 Mercer Rd Lexington, KY 40511 – Fayette County"
Kentucky,PICV,FC,"1155 Worldwide Blvd., Hebron, KY 41048"
Kentucky,PISB,FC,"376 Zappos.com Blvd, Shepherdsville, KY 40165"
Kentucky,PISC,FC,"271 Omega Parkway, Shepherdsville, KY 40165"
Kentucky,SDF1,FC,"1105 S Columbia Avenue, Campbellsville, KY 42718"
Kentucky,SDF2,FC,"4360 Robards Lane, Louisville, KY 40218"
Kentucky,SDF4,FC,"376 Zappos.com Boulevard, Shepherdesville, KY 40165"
Kentucky,SDF6,FC,"271 Omega Parkway, Shepherdsville, KY 40165"
Kentucky,SDF7,FC,"300 Omicron Court, Shepherdsville, KY 40165"
Kentucky,SDF9,FC,"100 W. Thomas P. Echols Lane, Shepherdsville, KY 40165"
Kentucky,SU2A,,"1201 Aviation Blvd, Hebron, KY"
Kentucky,SUAA,,"1201 Aviation Blvd, Hebron, KY"
Kentucky,SUBH,,"817 Winchester Rd, Suite 130, Lexington, KY"
Kentucky,SUDA,,"8179 Dixie Hwy, Suite 200, Florence, KY"
Kentucky,SUDB,,"8179 Dixie Highway, Suite 200, Florence, KY"
Kentucky,SUSA,,"7201 Intermodal Dr, Suite C, Louisville, KY"
Kentucky,VUVC,,"2500 Export Dr, Door 1, Louisville, KY"
Kentucky,CVG9,Warehouse,"2305 Litton Ln, Hebron, KY 41048, United States"
Louisiana,DLB1,,"10021 Professional Blvd, Baton Rouge, LA 70809, United States"
Louisiana,DNO1,FC,"337 Carondelet St, NewOrleans, LA 70130"
Maine,SUHX,,"104A GLENN ST, LAWRENCE, ME"
Maryland,BWI0,FC,"2010 Broening Highway, Baltimore, MD 21224"
Maryland,BWI5,SC,"5501 Holabird Avenue, Baltimore, MD 21224"
Maryland,DBA1,FC,"3800 E Baltimore St, Baltimore, MD 21224"
Maryland,DCA1,FC,"1700 SPARROWS POINT BLVD, SPARROWS POINT, MD 21219"
Maryland,DDC2,FC,"861 E Gude Drive, Rockville, MD 20850"
Maryland,HBA1,DC,"1100 Woodley Rd, Aberdeen, Maryland 210014042 , Harford County"
Maryland,HSE1,,"13905 Crayton Blvd, Hagerstown, Maryland 21742 , Washington County"
Maryland,MAS1,,"220 Campus Center, 1 Campus Center Way, Amherst, MA"
Maryland,MDT2,FC,"600 Principio Parkway West, North East, MD 21901-2914"
Maryland,RMD1,FC,"201-211 E Fayette St, Baltimore, MD 21202"
Maryland,SMA1,,"5 5TH ST, PEABODY, MA"
Maryland,SUHM,,"142 Franklin St, Melrose, MA"
Maryland,SUOC,FC,"8750 Larkin Rd, Savage, MD 20763"
Maryland,SUSK,,"153 Washington St, 1st Floor, East Walpole, MA"
Maryland,SUSL,,"153 Washington St, 1st Floor, East Walpole, MA"
Maryland,TBD,FC,"1600 Sparrow Point B…, Dundalk, MA"
Maryland,TMA3,,"30 Northampton Street, Boston, MA"
Maryland,UMA4,,"201 Beacham St, Chelsea, MA"
Maryland,XUSP,Warehouse,"1100 Woodley Rd, Aberdeen, MD 21001, United States"
MaryLand,Mar1,,"4200 Guilford Dr, Suite B1, College Park, MD"
MaryLand,DCA6,,"6001 Bethlehem Blvd, Baltimore, MD"
MaryLand,MTN5,,"5300 Holabird Ave, Baltimore, MD"
MaryLand,SDC2,,"2 UNIVERSITY BLVD W, SILVER SPRING, MD"
MaryLand,TMD1,,"5501 Holabird Ave, Baltimore, MD"
MaryLand,XUSL,FC,"610 Chelsea Rd, Aberdeen, MD 21001"
MaryLand,XUSM,FC,"610 Chelsea Rd, Aberdeen, MD 21001"
Massachusetts,BOS2,Distribution service,"1000 Tech Centre, Drive Stoughton, Massachusetts, US"
Massachusetts,BOS3,FC,"Fall River, MA 2720"
Massachusetts,BOS5,SC,"1000 Tech Center Drive, Stoughton, MA 02072"
Massachusetts,BOS7,FC,"1180 Innovation Way, Fall River, MA 02722"
Massachusetts,BOS8,,"870 Commonwealth Ave, Brookline, MA"
Massachusetts,BOS9,,"750 Everett St, Norwood, MA"
Massachusetts,DB01,FC,"201 Beacham Street, Everett (Chelsea), MA 2149"
Massachusetts,DB02,FC,"500 Sprague St., Dedham, MA 2026"
Massachusetts,DBO2,FC,"199 Eastern Ave, Dedham, MA 2026"
Massachusetts,RMA3,FC,"112-116 Newland St, Boston, MA 2118"
Massachusetts,UMA3,FC,"30 Northampton Street, Boston, MA 2118"
MDW3,Illinois,FC,"809 S Wright St, Champaign, IL 61820, United States"
Michigan,DTW5,SC,"19991 Brownstown Center Dr, Brownstown Charter Twp, MI 48183, United State"
Michigan,DET2,FC,"50500 Mound Rd, Shelby Township, MI 48317"
Michigan,DTW2,FC,"32801 Ecorse Rd, Romulus, MI 48174, United States"
Michigan,DTW3,FC,"23 mile and mound roads, Shelby, MI, 48316"
Michigan,GRR1,FC,"4500 68th St. SE, Caledonia (Gaines Township), Michigan 49316 , Kent County"
Michigan,SUHH,,"45410 Van Dyke, Utica, MI"
Michigan,SUSI,,"7194 Big Sky Drive Suite 5, Holly, MI"
Michigan,SUTA,,"4503 Airwest DR SE, Kentwood, MI"
Michigan,UMI2,,"999 Chicago Road, Troy, MI"
Michigan,XUSR,,"5425 Dixie Highway, Saginaw, MI"
Michigan,DET1,FC,"39000 Amrhein Rd, Livonia, MI 48150"
Michigan,DTW1,FC,"39000 Amrhein Rd., Livonia, MI 48150-1043"
Minnesota,ATL9,FC,"2232 Northmont Parkway, Duluth, GA 30096"
Minnesota,CLE1,FC,"4641 Warrensville Ce… North Randall, 44128"
Minnesota,DMN1,FC,"2811 Beverly Drive, Eagen, MN 55121"
Minnesota,DMS1,FC,"4216 Pilot Knob Rd, Eagan, MN 55123"
Minnesota,MIN1,,"311 SE Harvard Street, Minneapolis, MN"
Minnesota,MSP1,FC,"2601 4th Avenue East, Shakopee, MN 55379"
Minnesota,MSP4,,"10608 HUDSON RD, WOODBURY, MN"
Minnesota,MSP5,SC,"5825 11th Avenue East, Shakopee, MN 55379"
Minnesota,MSP9,Warehouse,"9001 Wyoming Ave N, Brooklyn Park, MN 55445, United States"
Minnesota,RMN1,FC,"301-399 S 4th St, Minneapolis, MN 55401"
Minnesota,RMN2,FC,"301-399 S 4th St, Minneapolis, MN 55401"
Minnesota,SUHV,,"10335 Naples ST NE, Blaine, MN"
Minnesota,SUVA,,"8933 Lyndale Ave S, Bloomington, MN"
Minnesota,TMN1,,"763 Kasota Ave, Minneapolis, MN"
Minnesota,UMN1,FC,"763 Kasota Ave., Minneapolis, MN 55414"
Minnesota,UMN2,,"6105 Trenton Ln N, MINNEAPOLIS, MN"
Mississippi,MEM2,FC,"191 Norfolk Southern Way, Chickasaw Trails Industrial Park Byhalia, Mississippi 386112306 , Marshall County"
Mississippi,MEM6,,"11505 Progress Way, Olive Branch, MS"
Missouri,DLI1,FC,"1200 Market St, St. Louis, MO 63103"
Missouri,STL5,SC,"462 Hazelwood Logistics Center Dr, Hazelwood, MO 63042, United States"
Missouri,STL8,FC,"4000 Premier Parkway, St. Peters, Missouri 63376 , St. Charles County"
Missouri,VUPU,,"14916 STATE HIGHWAY 177, Building 1, Jackson, MO"
Missouri,VUPV,,"2001 Premier Pkwy, Saint Peters, MO"
Montana,SUEH,,"1760 West Terra Lane, OFallon, MT"
Nebraska,SUHA,,"9203 J Street, Omaha, NE"
Nebraska,SUHI,,"870 S. 16th St., Aurora, NE"
Nebraska,VFSN,,"7401 F ST, OMAHA, NE"
Nevada,ICSF,,"2821 MARION DR STE 109, LAS VEGAS, NV"
Nevada,IVSE,FC,"2951 MARION DR UNIT 101 LAS VEGAS, NV 89115-3467 United States"
Nevada,IVSF,FC,2821 MARION DR STE 109
Nevada,LAS1,FC,"12300 Bermuda Road, Henderson, Nevada 89044 , Clark County"
Nevada,LAS2,FC,"3837 Bay Lake Trail, Suite 113, Las Vegas, NV 89193-0001"
Nevada,LAS5,SC,"4410 Nexus Way, Las Vegas, NV 89115, United States"
Nevada,LAS6,FC,"4550 Nexus Way, North Las Vegas, NV 89115"
Nevada,LAS7,FC,"6001 E. Tropical Parkway, North Las Vegas, NV , Clark County"
Nevada,LASX,FC,"North Lamb Blvd and Tropical Parkway, North Las Vegas, NV 89081"
Nevada,OTC1,FC,"257 S Pavilion Center Dr, LasVegas, NV 89144"
Nevada,RNO1,FC,"1600 East Newlands Dr. Fernley, NV 89408"
Nevada,RNO2,FC,"8000 North Virginia Street Reno, Reno, NV 85906"
Nevada,RNO3,FC,"555 Milan Dr, Sparks, Nevada 89434 , Washoe County"
Nevada,RNO4,FC,"8000 North Virginia Street, Reno, NV 89506"
Nevada,RNV1,FC,"100 E Ogden Ave, Las Vegas, NV 89101"
Nevada,TNV2,,"1945 E. Russell Rd, LAS VEGAS, NV"
Nevada,UNV1,FC,"3650 East Post Road. Suite E, Las Vegas, NV 89120"
Nevada,UNV2,,"1945 E RUSSELL RD SUITES 201-204, Las Vegas, NV"
Nevada,UNV3,,"2951 N Marion Dr Suite 101-103, Las Vegas, NV"
New Hampshire,BOS1,FC,"10 State Street, Nashua, NH 03063"
New Jersey,ABE8,FC,"309 Cedar Lane, Florence Township, NJ 08518"
New Jersey,ABEX,FC,"698 Route 46 West, Teterboro, NJ 7608"
New Jersey,ACY1,FC,"240 Mantua Grove Rd, West Deptford, NJ 08066"
New Jersey,ACY2,FC,"1101 E. Pearl St., Burlington, NJ 080161934 , Burlington County"
New Jersey,ACY5,SC,"2277 Center Square Road, Swedesboro, Logan Township, NJ 08085"
New Jersey,BFC1,,"380 Middlesex Ave, CARTERET, NJ"
New Jersey,DEW1,FC,"2 Empire Boulevard, Moonachie, NJ 7074"
New Jersey,DEW2,FC,"1089 E Jersey St, Elizabeth, NJ 7201"
New Jersey,DNJ1,,"380 Middlesex Ave, CARTERET, NJ"
New Jersey,EWR1,FC,"50 New Canton Way Robbinsville, NJ 08691 – Mercer County"
New Jersey,EWR4,FC,"50 New Canton Way, Robbinsville, NJ 08691"
New Jersey,EWR5,SC,"301 Blair Road #100, Avenel, NJ 07001"
New Jersey,EWR6,FC,"275 Omar Avenue, Avenel, NJ 07001"
New Jersey,EWR7,FC,"275 Omar Avenue, Avenel, NJ 07001"
New Jersey,EWR8,FC,"698 US-46, Teterboro, NJ 07608"
New Jersey,EWR9,FC,"8003 Industrial Avenue, Carteret, NJ 07008"
New Jersey,FGA3,FC,"2500 Main Street, LawrenceTownship, NJ 8648"
New Jersey,HNJ2,,"940 Monroe Street, Hoboken, NJ"
New Jersey,INT2,,"275 Omar Avenue, AVENEL, NJ"
New Jersey,IVSC,FC,Uno – West Deptford 1225 Forest Parkway West Deptf
New Jersey,IVSD,FC,UNO – Swedesboro NJ 800 Arlington Blvd Swedesboro
New Jersey,LGA6,FC,"8003 Industrial Ave. Carteret, NJ 07008-3529"
New Jersey,LGA7,FC,"380 Middlesex Avenue, Carteret, NJ 07008"
New Jersey,LGA8,FC,"380 Middlesex Avenue, Carteret, NJ 07008"
New Jersey,LGA9,FC,"2170 State Route 27, Edison, NJ 08817-3332"
New Jersey,PNE2,,"18 Applegate Dr., Robbinsville, NJ"
New Jersey,PNE5,Warehouse,"18 Applegate Dr, Robbinsville Twp, NJ 08691, United States"
New Jersey,SBPX,,"Somerset, NJ, 8873"
New Jersey,SFBG,,LAKEWOOD; NJ; 08701-4053; US
New Jersey,SUCD,,"80 Carter Dr., Edison, NJ"
New Jersey,SUEG,,"86 Mayfield Ave, Edison, NJ"
New Jersey,SUHE,,"239 Old New Brunswick Road Dock 7&8, Piscataway, NJ"
New Jersey,SUMA,,"1201 Jersey Avenue, North Brunswick, NJ"
New Jersey,SUOE,FC,"74 Kenny Pl, Saddle Brook, NJ 7663"
New Jersey,SUOM,,"1230 Highway 34, Aberdeen, NJ"
New Jersey,SUPH,,"4201 tonelle ave, North Bergen, NJ"
New Jersey,SUPM,,"1-AB Terminal Way, Avenel, NJ"
New Jersey,SUPN,,"4201 tonelle ave, North Bergen, NJ"
New Jersey,SUWB,,"150 Ethel Road West, Piscataway, NJ"
New Jersey,SXWL,,Rockaway; New Jersey; 07866
New Jersey,TBD5,FC,"8003 Industrial Ave, Building A, Carteret, NJ 8085"
New Jersey,TBDB,FC,"2 Empire Boulevard, Moonachie, NJ 7074"
New Jersey,TEB3,FC,"2651 Oldmans Creek Rd, Swedesboro, Logan Township, NJ 08085-4503"
New Jersey,TEB6,FC,"22 Highstown-Cranbury Station Road, Cranbury Township, NJ 08512"
New Jersey,TTN1,FC,"Florence, NJ 8518"
New Jersey,UNJ1,FC,"940 Monroe Street, Hoboken, NJ 7030"
New Jersey,VUKI,,"400 Arlington Blvd, Swedesboro, NJ"
New Jersey,VUKZ,,"400 Arlington Blvd, Logan Township, NJ"
New Jersey,VUME,,"200 Docks Corner Road, Suite 241, South Brunswick, NJ"
New Jersey,XIX1,,"18 APPLEGATE DR, ROBBINSVILLE, NJ"
New Jersey,XUSQ,,"152 Route 206, Hillsborough, NJ"
New York,ALB1,,"1801 Route 9, Rensselaer, New York"
New York,BUF5,SC,"4201 Walden Avenue, Lancaster, NY 14086"
New York,BUF9,,"4201 Walden Ave, Lancaster, NY"
New York,DYY6,DC,"546 Gulf Ave, Staten Island NY 10314-7120 – Richmond County"
New York,FDN1,,"80 Grumman Rd, BETHPAGE, NY"
New York,JFK2,FC,"1100 Bryant Park, NewYork, NY 10036"
New York,JFK7,FC,"7 W. 34th St., New York, NY 10001"
New York,JFK8,FC,"546 GULF AVE, STATEN ISLAND, NY 10314"
New York,JFK9,,"80 Grumman Rd W, Bethpage, NY"
New York,SBU1,,"100 Nicolas Road, Frank Melville Jr. Library, Room E0319, Stony Brook, NY"
New York,SUAZ,,"1189 McDonald Ave, Brooklyn, NY"
New York,SUBD,,"81 Christopher St, Staten Island, NY"
New York,SUEB,,"135 West 36th Street FL 13, New York, NY"
New York,SUGA,,"4060 Hylan Blvd, Staten Island, NY"
New York,SUGC,,"175 Van Dyke St., Brooklyn, NY"
New York,SUHP,,"45 Leone Lane, CHESTER, NY"
New York,SUOG,,"19 Robert Pitt Drive, Ste 103, Monsey, NY"
New York,SUOP,,"1673 NY-17M, Chester, NY"
New York,SUOX,,"19 Robert Pitt Drive STE 103, Monsey, NY"
New York,SUPJ,,"4737 van dam street, Long island City, NY"
New York,SZBV,,"Copiague, NY, 11726. TAM1, 2800 South"
New York,TNY1,,"850 3rd Ave., Brooklyn, NY"
New York,TNYA,,"7 W 34th Street, New York, NY"
New York,UNY1,FC,"58 Brooklyn Ave, Brooklyn, NY 11216"
New York,UNY2,,"1080 Leggett Ave, BRONX, NY"
New York,UNY3,,"57-00 49th Place, MASPETH, NY"
New York,VUQC,,"2020 Ocean Avenue, Ronkonkoma, NY"
New York,ZZZZ,FC,"7 W 34th St, New York, NY 10001, United States"
North Carolina,CLT1,SC,"1745 Derita Rd., Concord, NC 28027-3353"
North Carolina,CLT2,FC,"10240 Old Dowd Rd, Charlotte, NC 28214"
North Carolina,CLT3,FC,"6500 Davidson Hwy, Concord, NC 28027"
North Carolina,CLT4,FC,"8000 Tuckaseegee Road, Charlotte, NC 28214 , Mecklenburg County"
North Carolina,CLT5,SC,"1745 Derita Road, Concord, NC 28027"
North Carolina,DLT1,FC,"101 S Tryon St, Charlotte, NC 28280"
North Carolina,GS01,,"1656 OLD GREENSBORO RD, KERNERSVILLE, NC"
North Carolina,GSO1,,"1656 Old Greensboro Rd, Kernersville, NC"
North Carolina,RDU1,DC,"4851 Jones Sausage Road, Garner, North Carolina 27529 , Wake County"
North Carolina,RDU5,SC,"1805 TW Alexander Drive, Durham, NC 27703"
North Carolina,SUHL,,"1213 Maple Avenue, Burlington, NC"
North Carolina,SUSG,,"500 S Main Street, Mooresville, NC"
North Carolina,TNC1,,"300 Dalton Ave., CHARLOTTE, NC"
North Carolina,UNC1,FC,"Charlotte, NC 28201"
North Carolina,UNC2,FC,"3200 Bush Street, Raleigh, NC 27609"
North Carolina,UNC3,,"4525 Statesville Ave, CHARLOTTE, NC"
North Carolina,XLBA,,"1123 4th ST SW, Conover, NC"
Ohio,CLE3,FC,"1115 Babbitt Rd, Euclid, OH 44132, United States"
Ohio,AKC1,,"2400 ROMIG RD, Summit, Ohio"
Ohio,CAK1,,"290 E Exchange Street, Akron, OH"
Ohio,CIN1,FC,"UC MainStreet, Cincinnati, OH 45219"
Ohio,CLE2,Corporate Office,"21500 Emery Rd, North Randall, OH 44128"
Ohio,CLE5,SC,"8685 Independence Parkway, Twinsburg, OH 44087"
Ohio,CLE6,,"23371 Aurora Road, Bedford Heights, OH"
Ohio,CMH0,FC,"11903 National RD SW Etna Township Park, Etna, OH 43062"
Ohio,CMH1,FC,"11999 National Road SW Etna, OH 43062-7793 United States"
Ohio,CMH2,FC,"2700 Rohr Road, Groveport, OH 43125"
Ohio,CMH3,FC,"700 Gateway Blvd., Monroe, OH 450501848 , Warren County"
Ohio,CMH4,FC,"1550 W Main St., West Jefferson, Ohio 43162 , Madison County"
Ohio,CMH6,FC,"3538 TRADEPORT CT, Lockbourne, Ohio, US"
Ohio,DCL1,FC,"790-796 E 222nd St, Euclid, OH 44123"
Ohio,DCL2,AMZL,"2823 Gilchrist Rd, Akron, OH 44305, United States"
Ohio,DCL3,AMZL,"12111 Debartolo Dr, North Jackson, OH 44451, United States"
Ohio,FMD1,FC,"101-199 Mckinley Ave SW, Canton, OH 44702"
Ohio,HCM1,FC,"3538 TradePort Ct, Building 2, Lockbourne, OH 43137 – Franklin County"
Ohio,KILN,,"150 Ruane Dr, Wilmington, OH"
Ohio,LCK1,FC,"Obetz, OH 43207"
Ohio,OKC9,,"1155 Babbitt Rd., Euclid, OH"
Ohio,OSU1,,"2114 N. High Street, Columbus, OH"
Ohio,PCW1,FC,"27400 Crossroads Pkwy, Rossford, OH 43460, United States"
Ohio,POH1,FC,"3880 Groveport Road, Obetz, Ohio 43207 , Franklin County (Seasonal Facility)"
Ohio,ROH2,FC,"1 Capitol Square, Columbus, OH 43215"
Ohio,SUAB,,"2800 CORPORATE EXCHANGE DRIVE, Columbus, OH"
Ohio,SUAS,,"2800 Corporate Exchange Drive, Columbus, OH"
Ohio,SUHO,,"355 Tomahawk Drive Suite3, Maumee, OH"
Ohio,SUJE,,"5124 Cleveland Rd, Wooster, OH"
Ohio,SUPC,,"503 West High St, Hicksville, OH"
Ohio,TBD,FC,"100 Euclid Square Ma…, Euclid, OH"
Ohio,TBD8,FC,"Etna Township Park, Etna, OH 43062"
Ohio,TBD9,FC,"Alum Creek Drive, Obetz, OH 43207"
Ohio,UMD1,FC,"101-199 Mckinley Ave SW, Canton, OH 44702"
Ohio,UOH1,FC,"Winton Hills, Cincinnati, OH 45232"
Ohio,UOH2,FC,"3563 Interchange Rd, Columbus, OH 43204"
Ohio,UOH4,,"4401 Equity Dr, COLUMBUS, OH"
Ohio,VUHG,,"28625 Fountain Parkway, Solon, OH"
Ohio,VUPW,,"8778 Le St Dr, West Chester, OH"
Ohio,XLAE,,"5330 Crosswind Dr, Columbus, OH"
Ohio,DAY3,FC,"700 Gateway Blvd, Monroe, OH 45050, United States"
Oklahoma,OKC1,FC,"9201 S. Portland Ave., Oklahoma City, OK 73159 , Oklahoma County"
Oklahoma,OKC5,SC,"1414 S Council Rd, Oklahoma City, OK 73179, United States’"
Oklahoma,TUL2,,"4040N 125TH E AVE, Tulsa, OK"
Oregon,DP01,FC,"Portland, OR 75234"
Oregon,DPD1,FC,"3333-3681 NW 35th Ave, Portland, OR 97210"
Oregon,HIO9,,"23677 NM Huffman St., Hillsboro, OR"
Oregon,HPD1,FC,"15000 N. Lombard St., Multnomah, Portland, Oregon 97203-6814 – Multnomah County"
Oregon,PDX5,SC,"5647 NE Huffman St, Hillsboro, OR 97124"
Oregon,PDX6,FC,"15000 N. Lombard St, Portland, Oregon, US"
Oregon,PDX7,FC,"4775 Depot Court SE, Salem, OR 973178983 , Marion County"
Oregon,PDX9,FC,"1250 NW Swigert Way, Troutdale, OR 97060"
Oregon,POR1,,"1131 SW Jefferson, Portland, OR"
Oregon,ROR1,FC,"11 NW 6th Ave, Portland, OR 97209"
Oregon,ROR2,FC,"5243-5299 SW 33rd Dr, Portland, OR 97239"
Oregon,SUAY,,"10020 S Gibson Rd, Molalla, OR"
Oregon,SUOS,,"9655 SW SUNSHINE CT, SUITE 300, BEAVERTON, OR"
Oregon,SUOW,,"9655 SW Sunshine CT, Beaverton, OR"
Oregon,TOR1,,"2104 NW York Street, Portland, OR"
Oregon,UOR1,FC,"2250 Northwest 22nd Avenue, Portland, OR 97210"
Oregon,UOR2,,"5015 NW FRONT AVE, PORTLAND, OR"
Oregon,VUOL,,"14005 North Lombard, Portland, OR"
Pennsylvania,ABE1,FC,"705 Boulder Dr Breinigsville, PA 18031 – Lehigh County"
Pennsylvania,ABE2,FC,"705 Boulder Drive, Breinigsville, PA 18031"
Pennsylvania,ABE3,FC,"650 Boulder Drive, Breinigsville, PA 18031"
Pennsylvania,ABE4,FC,"1610 Van Buren Rd., Easton, PA 18045-1707"
Pennsylvania,ABE5,FC,"6455 Allentown Boulevard, Harrisburg, PA 17112"
Pennsylvania,ABE9,,"100 Quality Circle, Suite 106, Harrisburg, Pennsylvania"
Pennsylvania,AVP1,FC,"550 Oak Ridge Road, Hazleton, PA 18202"
Pennsylvania,AVP2,FC,"298 First Ave, Covington Township, PA 18424, United States"
Pennsylvania,AVP3,FC,"298 First Ave, Covington Township, PA 18424, United States"
Pennsylvania,AVP6,FC,"1 Commerce Road, Pittston, PA 18640"
Pennsylvania,AVP8,FC,"250 Enterprise Way, Pittston, PA 18640"
Pennsylvania,DAE1,Logistics,"2595 Brodhead Rd, Bethlehem, PA 18020, United States"
Pennsylvania,DEW4,FC,"151-199 W Richardson Ave, Langhorne, PA 19047"
Pennsylvania,DMC1,FC,"401 Hollow Rd, East Stroudsburg, PA 18301"
Pennsylvania,DPH1,FC,"4219 Richmond Street, Philadelphia, PA 19137"
Pennsylvania,DPH2,FC,"435 General Maxwell Ln, King of Prussia, PA 19406"
Pennsylvania,MDT1,FC,"2 Ames Drive, Carlisle, PA 17015"
Pennsylvania,MDT3,,"460 Research Drive, PITTISON, PA"
Pennsylvania,PEN1,,"3800 Locust Walk, Class of 1920 Commons, Philadelphia, PA"
Pennsylvania,PHL4,FC,"21 Roadway Drive, Carlisle, PA 17015"
Pennsylvania,PHL5,FC,"500 McCarthy Drive, Lewisberry, PA 17339"
Pennsylvania,PHL6,FC,"675 Allen Road, Carlisle, PA 17015"
Pennsylvania,PHL9,FC,"2 Ames Drive, Carlisle, PA 17015"
Pennsylvania,PIT1,FC,"2250 Roswell Drive, Pittsburgh, PA 15205"
Pennsylvania,PIT2,,"101 N CAMPUS DR, IMPERIAL, PA"
Pennsylvania,PIT5,SC,"2250 Roswell Drive, Pittsburgh, PA 15205"
Pennsylvania,PPA1,FC,"545 Oak Hill Road, Mountaintop, Pennsylvania 18707 , Luzerne County (Seasonal Facility)"
Pennsylvania,PPH3,,"2306 South Street, PHILADELPHIA, PA"
Pennsylvania,SCE1,,"134 South Allen St, State College, PA"
Pennsylvania,SKTB,,"Montgomeryville, PA 18936"
Pennsylvania,SUAH,,"2901 Grant Ave, Philadelphia, PA"
Pennsylvania,SUBE,,"921 E. Tolna Rd., New Freedom, PA"
Pennsylvania,SULX,,"1728 Smallman St., Pittsburgh, PA"
Pennsylvania,SUOR,,"3820 Hempland Rd, Mountville, PA"
Pennsylvania,SUOT,,"3820 Hempland Rd, Mountville, PA"
Pennsylvania,SUOY,,"1728 Smallman St., Pittsburgh, PA"
Pennsylvania,TPAA,,"4101 Sansom St, Philadelphia, PA"
Pennsylvania,VAVP,FC,"250 Enterprise Way, Pittston, PA 18640"
Pennsylvania,VUAV,FC,"1 Commerce Road, Pittston, PA 18640"
Pennsylvania,VUBA,FC,"1000 Keystone Industrial Park Scranton, PA 18512"
Pennsylvania,VUBF,,"575 Old Forge Road, Union Township, PA"
Pennsylvania,VUCB,,"5197 Commerce Drive, YORK, PA"
Pennsylvania,VUGA,FC,"508 Delaware Avenue West Pittston, PA 18643"
Pennsylvania,VUGJ,,"4275 Fritch Dr, Bethlehem, PA"
Pennsylvania,VUGL,,"1200 Distribution Drive, Carlisle, PA"
Pennsylvania,VUGM,,"597 Alexander Spring Rd., Carlisle, PA"
Pennsylvania,VUGP,FC,"234 Walnut Bottom Road, Shippensburg, PA 17257"
Pennsylvania,VUPH,,"9300 Olde Scotland Road, Shippensburg, PA"
Pennsylvania,VUQE,,"69 Green Mountain Road, Hazleton, PA"
Pennsylvania,VUQP,,"655 E Park St, LOCK HAVEN, PA"
Pennsylvania,VUWB,,"6373 Brackbill Blvd, Mechanicsburg, PA"
Pennsylvania,XUSC,FC,"40 Logistics Drive, Carlisle, PA 17013"
Pennsylvania,XUSG,FC,"9645 West Hills Court, Kutztown, PA 19530"
South Carolina,CAE1,FC,"4400 12th Street Extension, West Columbia, SC 29172"
South Carolina,CAE3,FC,"222 Old Wire Road, West Columbia, SC 29172"
South Carolina,CHS1,FC,"7290 Investment Drive, N Charleston, SC 29418"
South Carolina,GSP1,FC,"402 John Dodd Road, Spartanburg, SC 29303-6312"
South Carolina,SULF,,"170 Longs Pond Rd, Lexington, SC"
South Carolina,VUQM,,"441 Masters Boulevard, Anderson, SC"
South Carolina,XUSU,,"Rock Hill, SC 29730,US"
Tennessee,BNA1,FC,"14840 Central Pike, Lebanon, TN 37090"
Tennessee,BNA2,FC,"500 Duke Drive, Lebanon, TN 37090"
Tennessee,BNA3,FC,"2020 Joe B Jackson Parkway, Murfreesboro, TN 37127"
Tennessee,BNA4,FC,"#BNA4 – 50 Airways Blvd Nashville, TN 37217"
Tennessee,BNA5,SC,"50 Airways Blvd, Nashville, TN 37217"
Tennessee,CHA1,FC,"7200 Discovery Drive, Chattanooga, TN 37416"
Tennessee,CHA2,FC,"225 Infinity Drive NW, Charleston, TN 37310"
Tennessee,DEDC,,"2020 Joe B Jackson Parkway, Murfreesboro, TN"
Tennessee,MEM1,FC,"3292 E Holmes Rd, Memphis, Tennessee, US"
Tennessee,MEM5,FC,"5155 Citation Dr, Memphis, TN 38118, United States"
Tennessee,RTN1,FC,"600 Church St, Nashville, TN 37219"
Tennessee,SJWV,,"Murfreesboro, TN – 37131"
Tennessee,STN1,,"2 Dell Parkway, NASHVILLE, TN,"
Tennessee,TTNA,,"410 Harding Industrial Dr., Nashville, TN"
Tennessee,UTN1,FC,"600 Church St, Nashville, TN 37219"
Tennessee,XIX4,,"5155 Citation Drive, MEMPHIS, TN"
Tennessee,XLAJ,,"3440 Meyers Rd, Memphis, TN"
Tennessee,XSP1,,"1115 Vaughn Parkway, Portland, TN"
Texas,DAL3,FC,"1301 Chalk Hill Road, Dallas, Texas 75211 , Dallas County"
Texas,DAL6,FC,"4601 Gold Spike Drive, Fort Worth, TX 76106"
Texas,DAL9,DC,"1400 Southport Pkwy, Wilmer, TX 75172, United States"
Texas,DAU1,FC,"2093-2209 Rutland Dr, Austin, TX 78758"
Texas,DAU2,DC,"7000 Metropolis Dr, Austin, TX 78744, United States"
Texas,DDA1,FC,"13341-13399 Bee St, FarmersBranch, TX 75234"
Texas,DDA2,FC,"1101-1107 E 15th St, Plano, TX 75074"
Texas,DDA3,FC,"401 Commerce St, FortWorth, TX 76102"
Texas,DDC1,FC,"12401 North Stemmons Fwy., Farmers Branch, TX 75234"
Texas,DFW1,FC,"2700 Regent Boulevard, DFW Airport, TX 75261"
Texas,DFW6,FC,"940 W Bethel Road, Coppell, TX 75019-4424"
Texas,DFW7,FC,"700 Westport Parkway, Fort Worth, TX 76177-4513"
Texas,DFW8,SC,"2700 Regent Boulevard, DFW Airport, TX 75261"
Texas,DFW9,FC,"2700 Regent Blvd, Irving, TX 75063"
Texas,DWF9,FC,"2700 Regent Blvd., Irving, TX 75063"
Texas,FTW1,FC,"33333 LBJ FWY, Dallas, Texas, US"
Texas,FTW2,FC,"940 W Bethel Rd, Coppell, TX 75019-4424"
Texas,FTW3,FC,"15201 Heritage Parkway, Fort Worth, TX 76177-2517"
Texas,FTW4,FC,"15201 Heritage Parkway, Fort Worth, TX 76177-2517"
Texas,FTW6,FC,"2601 W Bethel Road, Grapevine (Coppell), Texas 752614034 , Dallas County"
Texas,FTW7,FC,"944 W. Sandy Lake Rd, Coppell, TX 75019-3989"
Texas,FTW8,FC,"3351 Balmorhea Dr. Dallas, TX 75241-7304"
Texas,FTW9,FC,944 West Sandy Lake Road
Texas,FTX4,FC,"1301-1399 Jackson St, Dallas, TX 75202"
Texas,FTX7,FC,"401 Commerce St, FortWorth, TX 76102"
Texas,HDA1,FC,"2701 W Bethel Rd, Coppell, TX 75261-4015 – Dallas County"
Texas,HOU1,SC,"8120 Humble Westfield Road, Humble, TX 77338"
Texas,HOU2,FC,"10550 Ella St., Houston, TX 77038-2324"
Texas,HOU3,FC,"31555 Highway 90 E, Brookshire, TX 77423-2769"
Texas,HOUX,FC,"2701 W Bethel Road, Coppell, TX 75261"
Texas,HTX1,FC,"4221 Way Out West Drive, Houston, TX 77092"
Texas,HTX2,FC,"4221 Way Out West Drive, Houston, TX 77092"
Texas,IAH6,,"8401 Fallbrook Drive, Houston, TX"
Texas,ITX1,FC,"9851 Fallbrook Pines Drive Suite 100 Houston, TX 77064-3329"
Texas,ITX2,FC,"6911 FAIRBANKS N HOUSTON RD SUITE 160 Houston, TX 77040-1437 United States"
Texas,LBB1,,"2407 9th Street, Suite 400, Lubbock, TX"
Texas,PTX1,FC,"2101 Danieldate Road, Lancaster, Texas 75134 , Dallas County (Seasonal Facility)"
Texas,RAU1,FC,"11299 Metric Blvd, Austin, TX 78758"
Texas,RDA1,FC,"100-248 E Hudgins St, Grapevine, TX 76051"
Texas,RDA2,FC,"15700-15704 Hillcrest Rd, Dallas, TX 75248"
Texas,RTX2,FC,"501 Congress Ave, Austin, TX 78701"
Texas,RTX3,FC,"998 Bagby St, Houston, TX 77002"
Texas,RTX4,FC,"1502 Marilla St, Dallas, TX 75201"
Texas,RTX5,FC,"198 Dolorosa, San Antonio, TX 78205"
Texas,SAT1,FC,"6000 Enterprise Avenue, Schertz, TX 78154"
Texas,SAT2,FC,"1401 E McCarty Ln, San Marcos, TX 78666"
Texas,SAT5,SC,"1410 S. Callaghan Road, San Antonio, TX 78227"
Texas,STX2,,"1625 HUTTON DR, CARROLLTON, TX"
Texas,SUAD,,"100 Syble Jean Dr., Burleson, TX"
Texas,SUBG,,"28651 Cranford Sage Ln, Katy, TX"
Texas,SUGB,,"5283 N State Hwy 6, Woodway, TX"
Texas,SUHT,,"1809 W. Frankford Rd, Suite 160, Carrollton, TX"
Texas,SUOF,,"6605 Roxburgh Dr. Suite 400, Houston, TX"
Texas,SUOZ,,"359 Pike Court, Suite 500, La Porte, TX"
Texas,SUSE,,"188 County Road 4226, Decatur, TX"
Texas,TAM1,FC,"2800 S Texas Avenue Suite 401, Bryan, TX 77802"
Texas,TBD,FC,"TBD S Ih 35 Highway, San Marcos, 78666"
Texas,TBD6,FC,"4800 LBJ Freeway, Dallas, TX 75241"
Texas,TBDA,FC,"1300 East McCarty Lane, San Marcos, TX 78666"
Texas,TEX1,,"Gregory Gym, 2101 Speedway, Austin, TX"
Texas,TTX2,FC,"2209 Rutland Dr Ste B110, Austin, TX 78758"
Texas,TTX3,FC,"4221 Way Out West Drive, Houston, TX 77092"
Texas,TTX4,FC,"6627 Maple Avenue, Dallas, TX 75235"
Texas,TTX5,,"4848 Perrin Creek 680, San Antonio, TX"
Texas,UTX1,FC,"Irving, TX 75014"
Texas,UTX2,FC,"Austin, TX 73301"
Texas,UTX3,FC,"Houston, TX 77001"
Texas,UTX5,FC,"198 Dolorosa, San Antonio, TX 78205"
Texas,UTX7,FC,"4601 Gold Spike Drive, Fort Worth, TX 76106"
Texas,UTX8,FC,"2800 S Texas Avenue Suite 401, Bryan, TX 77802"
Texas,UTX9,,"4616 W Howard Lane, AUSTIN, TX"
Texas,VUBI,,"501 Meacham Blvd, Fort Worth, TX"
Texas,VUHE,,"3401 Innovative Way, Mesquite, TX"
Texas,VUKH,FC,"1901 W Airfield Dr, DFW Airport, TX 75261"
Texas,VUPO,FC,"4808 Mountain Creek Parkway, Dallas, TX 75236"
Texas,VUPZ,,"4800 Henrietta Creek Rd, Fort Worth, TX"
Texas,XIX3,,"1400 SOUTHPORT PKWY BLDG 7, WILMER, TX"
Texas,XLAF,,"1600 Roe St, Dallas, TX"
Texas,XUSB,FC,"14900 Frye Road, Fort Worth, TX 76155"
Texas,VUPJ,FC,"101 Mars Road, Wilmer, TX 75172"
Utah,DUT1,FC,"3701 Atlas Way, West Valley City, UT 84120"
Utah,HSL1,FC,"355 N. John Glenn Rd., Salt Lake City, UTH 84116 – Salt Lake County"
Utah,SLC1,FC,"777 North 5600 West, Salt Lake City, UT 8411"
Utah,SLC3,FC,"355 N JOHN GLENN RD, Salt Lake City, Utah, US"
Utah,SLC4,FC,"770 South Gladiola, Suite 500, Salt Lake City, Utah 84104 , Salt Lake County"
Utah,SUBL,,"582 S 1100 W, Woods Cross, UT"
Utah,SUCE,,"8427 S. Old Bingham Hwy, West Jordan, UT"
Utah,SULU,,"582 S 1100 W, Woods Cross, UT"
Utah,SUOI,,"870 North 100 East, Lehi, UT"
Utah,SUSJ,,"8427 South Old Bingham Hwy, West Jordan, UT"
Utah,VUQN,,"1711 S 4650 W, Salt Lake City, UT"
Virginia,BWI1,Warehouse,"45121 Global Plaza, Sterling, VA 20166, United States"
Virginia,BWI4,FC,"165 Business Blvd, Clear Brook, VA 22624-1568"
Virginia,BWI6,FC,"5617 Industrial Drive, Springfield, VA 22151"
Virginia,DOR1,FC,"Pvt 7 Rd, Chesapeake, VA 23320"
Virginia,DRC1,FC,"701 E Grace St, Richmond, VA 23219"
Virginia,FVA1,FC,"100 Commerce Street, Springfield, VA 22150"
Virginia,HRC1,FC,"4949 Commerce Road, Richmond, Virginia 23234 – Richmond City"
Virginia,IDT1,,"5617 Industrial Drive, SPRINGFIELD, VA"
Virginia,ORF1,FC,"3516 South Military Hwy, Chesapeake, VA 23323"
Virginia,RIC1,FC,"5000 Commerce Way, Petersburg, VA 23803"
Virginia,RIC2,FC,"1901 Meadowville Technology Parkway, Chester, VA 23836"
Virginia,RIC3,SC,"1901 Meadowville Technology Parkway, Chester, VA 23836"
Virginia,RIC5,SC,"11600 N Lakeridge Pkwy, Ashland, VA 23005"
Virginia,RIC9,,"11600 N Lakeridge Pkwy, Ashland, VA"
Virginia,SDC1,,"6885 Commercial Dr., SPRINGFIELD, VA"
Virginia,SULC,,"1345 Taylor Farms Road, Suite 112, Virginia Beach, VA"
Virginia,UOH5,,"492 Central Dr, VIRGINIA BEACH, VA"
Virginia,UVA1,FC,"5617 Industrial Dr. Suite A, Springfield, VA 22151"
Virginia,UVA2,FC,"Chesapeake, VA"
Virginia,UVA3,FC,"2034 Dabney Road, Richmond, VA 23230"
Virginia,UVA4,,"4100 Tomlynn St, RICHMOND, VA"
Virginia,UVA5,,"492 Central Dr, VIRGINIA BEACH, VA"
Washington,DSE2,FC,"6705 E Marginal Way, Seattle, WA 98108"
Washington,*XFR,FC,"2021 7th Avenue, Seattle, WA, 98121"
Washington,ASE1,FC,"20202 84th Ave. S, Bellevue, WA 98004"
Washington,ASE3,,"20526 59th Place South, Kent, Washington"
Washington,BF13,FC,"2700 Center Dr, DuPont, WA 98327, United States"
Washington,BFI1,FC,"1800 140th Avenue, E Sumner, WA"
Washington,BFI3,FC,"2700 Center Drive, Dupont, WA 98327"
Washington,BFI4,SC,"21005 64th Ave S, Kent, WA 98032"
Washington,BFI5,SC,"Building B, 20526 59th Pl S, Kent, WA 98032"
Washington,BFI6,FC,"21005 64th Ave. South; Kent, Washington 98032"
Washington,BFI7,FC,"1800 140th Ave E, Sumner, WA 98390"
Washington,BFIX,FC,"1800 140th Avenue, Sumner, WA 98390"
Washington,BOS6,FC,"201 Beachman St, Everett, MA 2149"
Washington,DBO1,FC,"2064 Hewitt Ave, Everett, WA 98201"
Washington,DEV1,,"2121 7th Ave, SEATTLE, WA"
Washington,DSE4,FC,"2064 Hewitt Ave, Everett, WA 98201"
Washington,DSE5,FC,"102-104 Rainier Ave S, Renton, WA 98057"
Washington,FFI6,FC,"10441 SE 240th St, Kent, WA 98031"
Washington,FSE2,FC,"5100 15th Ave NW, Seattle, WA 98107"
Washington,FSE3,FC,"76 South Lander Street, Seattle, WA 98134"
Washington,FWA1,FC,"12601 120th Ave NE, Kirkland, WA 98034"
Washington,FWA2,FC,"9600 College Way N, Seattle, WA 98103"
Washington,GEG1,FC,"10010 W Geiger Blvd., Spokane, Washington 99224 , Spokane County"
Washington,HWA1,FC,"11710 118th Ave NE, Building B, Kirkland, WA 98034"
Washington,HWA2,FC,"11710 118th Ave NE, Building B, Kirkland, WA 98034"
Washington,HWA3,,"20202 84th AVE S, Kent, WA"
Washington,ISE1,,"2131 7th Ave, Seattle, WA"
Washington,ISE2,FC,"1227 124th Ave NE Building 2 Suite A200, Bellevue, WA 98004"
Washington,ISE5,,"20202 84th Ave South, Kent, WA"
Washington,ISE6,,"307 Fairview Avenue North, Seattle, WA"
Washington,ISE8,,"20202 84th Ave South, Kent, WA"
Washington,PWA1,FC,"2309 Milwaukee Way, Tacoma, Washington 98421 , Pierce County (Seasonal Facility)"
Washington,RSE1,FC,"19615 Pacific Hwy, Lynnwood, WA 98036"
Washington,RWA1,FC,"10501-10657 NE 37th Cir, Kirkland, WA 98033"
Washington,RWA2,FC,"9600 College Way N, Seattle, WA 98103"
Washington,RWA4,FC,"909 5th Ave, Seattle, WA 98164"
Washington,SEA6,FC,"2646 Rainier Avenue, South Seattle, WA 98144"
Washington,SEA8,FC,"1227 124th Avenue Northeast, Bellevue, WA, 98005"
Washington,SQGH,,"Carnation, WA, 98014. STL4, 3050 Gateway"
Washington,SUED,,"229 N Ella Rd, Spokane Valley, WA"
Washington,SULA,,"1380 Stonegate Way, Ferndale, WA"
Washington,SUNA,,"4179 70th Ave East, Suite A, Fife, WA"
Washington,SUXA,,"345 Boren Ave N, Seattle, WA"
Washington,SUXC,,"345 Boren Ave N, Seattle, WA"
Washington,SUZA,,"345 Boren Ave N, Seattle, WA"
Washington,SUZB,,"345 Boren Ave N, Seattle, WA"
Washington,SUZC,,"345 Boren Ave N, Seattle, WA"
Washington,SWA1,,"607 Riverside Road, EVERETT, WA"
Washington,TIW1,,"One Sitcum Plaza, Tacoma, WA"
Washington,TWA0,FC,"13537 Aurora Ave N, Seattle, WA 98133"
Washington,UTX4,FC,"PO Box 80387, Seattle, WA 98108"
Washington,UWA1,FC,"11710 118th Ave. N.E., Building B, Kirkland, WA 98034"
Washington,UWA2,FC,"13537 Aurora Ave. N., North Seattle, WA 98133"
Washington,UWA3,FC,"2121 8th Ave., Seattle, WA 98121"
Washington,UWA4,FC,"76 S Lander Street, Seattle, WA 98134"
Washington,UWA5,,"18323 Andover Park W., Bldg. 6, SEATTLE, WA"
Washington,VAEO,,"20526 59th Place S., Kent, WA"
Washington,VUPM,FC,"22001 84th Avenue, Kent, WA 98032"
Washington,XLAI,,"7650 S 228th St, Kent, WA"
Washington,ZSE1,FC,"9600 College Way N, Seattle, WA 98103"
Washington,ZSE2,FC,"20202 84th Ave. S, Bellevue, WA 98004"
Wisconsin,DLV1,FC,"5501-5517 Cut-Off Rd, Boulder Junction, WI 54512"
Wisconsin,DML1,FC,"3935 W. Mitchell St., Milwaukee, WI 53125"
Wisconsin,FWI1,FC,"4700 W Mitchell St, West Milwaukee, WI 53214"
Wisconsin,JVL1,,"3150 Colley Road, Beloit, WI"
Wisconsin,MKE1,FC,"3501 120th Ave, Kenosha, Wisconsin, 53144-7502"
Wisconsin,MKE2,FC,"9700 South 13th Street, Oak Creek, Wisconsin 53154 , Milwaukee County"
Wisconsin,MKE5,SC,"11211 Burlington Road, Kenosha, WI 53144"
Wisconsin,MKE9,,"11211 Burlington Road, Kenosha, WI"
Wisconsin,SBX2,,"4718 Helgesen Drive, Suite 1, Madison, WI"
Wisconsin,SULD,,"2020 Prairie Ln, Eau Claire, WI"
Wisconsin,SUPA,,"412 Technology Drive E., Menomonie, WI"
Wisconsin,SUPB,,"412 Technology Drive E., Menomonie, WI"
Wisconsin,UWI1,FC,"4111 W Mitchell Street, Milwaukee, WI 53215"
Wisconsin,VUHF,,"11111 80TH AVE, Pleasant Prairie, WI"
Wisconsin,XIX5,,"11211 Burlington Road, KENOSHA, WI"


